{ "frames": [
   {
    "filename": "001 0.png",
    "frame": { "x": 0, "y": 0, "w": 2000, "h": 2000 },
    "rotated": false,
    "trimmed": false,
    "spriteSourceSize": { "x": 0, "y": 0, "w": 2000, "h": 2000 },
    "sourceSize": { "w": 2000, "h": 2000 },
    "duration": 80
   }
 ],
 "meta": {
  "app": "https://www.aseprite.org/",
  "version": "1.x-dev",
  "image": "1.png",
  "format": "RGBA8888",
  "size": { "w": 2000, "h": 2000 },
  "scale": "1",
  "frameTags": [
  ],
  "layers": [
   { "name": "Layer", "opacity": 255, "blendMode": "normal" }
  ],
  "slices": [
  ]
 }
}
