{
  "namespace": "hud",

//---------------------------------------------------------------------------

  "hud_title_text": {
    "type": "stack_panel",
    "orientation": "vertical",
    "offset": [ 0, -19 ],
    "layer": 1,
    "alpha": "@hud.anim_title_text_alpha_in",
    "propagate_alpha": true,
    "controls": [
      {
        "title_frame": {
          "type": "panel",
          "size": [ "100%", "100%cm" ],
          "controls": [
            {
              "title_background": {
                "type": "image",
                "size": [ "100%sm + 30px", "100%sm + 6px" ],
                "texture": "textures/ui/hud_tip_text_background",
                "alpha": "@hud.anim_title_background_alpha_in"
              }
            },
            {
              "title": {
                "type": "label",
                "anchor_from": "top_middle",
                "anchor_to": "top_middle",
                "color": "$title_command_text_color",
                "text": "#text",
                "layer": 1,
                "localize": false,
                "font_size": "extra_large",
                "variables": [
                  {
                    "requires": "(not $title_shadow)",
                    "$show_shadow": false
                  },
                  {
                    "requires": "$title_shadow",
                    "$show_shadow": true
                  }
                ],
                "shadow": "$show_shadow",
                "text_alignment": "center",
                "offset": [ 0, 6 ],
                "bindings": [
                  {
                    "binding_name": "#hud_title_text_string",
                    "binding_name_override": "#text",
                    "binding_type": "global"
                  },
                  {
                    "binding_type": "view", 
                    "source_property_name": "(not (#text = '1') and not (#text = '2') and not (#text = '3') and not (#text = '4') and not (#text = 'muerte') and not (#text = 'death') and not (#text = 'logo'))",
                    "target_property_name": "#visible" 
                  }
                ]
              }
            }
          ]
        }
      }
    ]
  },

// ---------------------------------------------------------------------------
// 1
//---------------------------------------------------------------------------


  "1_animation": {
    "type": "image",
    "force_texture_reload": true,
    "layer": 31,
    "offset": [ 0, -19 ],
    "texture": "$sprite",
    "$sprite|default": "textures/ui/1/1",
    "anchor_from": "center",
    "anchor_to": "center",
    "size": "$re_size",
    "$re_size|default": [ "100%", "100%" ],
    "alpha": 6,
    "uv": "@hud.dead_aseprite_animation",
    "uv_size":"$uv_size_re",
    "$uv_size_re|default":[ 2000, 2000 ],
    "disable_anim_fast_forward": true,
    "anims": [
      "@hud.anim_dead_alpha_in"
    ],
    "bindings": [
      {
        "binding_name": "#hud_title_text_string"
      },
      {
        "binding_type": "view",
        "source_property_name": "(#hud_title_text_string = '1')",
        "target_property_name": "#visible"
      }
    ]
  },
  
  "dead_aseprite_animation": {
    "anim_type": "aseprite_flip_book",
    "initial_uv": [ 0, 0 ]
  },

  "dead_flipbook_animation" : {
    "anim_type": "flip_book",
    "frame_count": 80,
    "frame_step": 128,
    "duration": 120,
    "fps": 20,
    "reversible": false,
    "easing": "linear",
    "resettable": false,
    "destroy_at_end": "1_animation",
	  "initial_uv": [ 0, 0 ]
  },

  "anim_dead_alpha_in": {
    "anim_type": "alpha",
    "easing": "linear",
    "duration": 1,
    "from": 0,
    "to": 1,
    "next": "@hud.anim_dead_wait"
  },
  
  "anim_dead_wait": {
    "anim_type": "wait",
    "duration": 2.8,
    "next": "@hud.anim_dead_alpha_out"
  },
  
  "anim_dead_alpha_out": {
    "anim_type": "alpha",
    "easing": "linear",
    "destroy_at_end": "1_animation",
    "duration": 0.1,
    "from": 1,
    "to": 0
  },

  "1_animation_factory": {
    "type": "panel",
    "factory": {
      "name": "hud_title_text_factory",
      "control_ids": {
        "hud_title_text": "1_animation@hud.1_animation"
      }
    }
  },
  // ---------------------------------------------------------------------------
// 2
//---------------------------------------------------------------------------
    "2_animation": {
    "type": "image",
    "force_texture_reload": true,
    "layer": 31,
    "offset": [ 0, -19 ],
    "texture": "$sprite",
    "$sprite|default": "textures/ui/2/2",
    "anchor_from": "center",
    "anchor_to": "center",
    "size": "$re_size",
    "$re_size|default": [ "80%", "80%" ],
    "alpha": 6,
    "uv": "@hud.dead_aseprite_animation",
    "uv_size":"$uv_size_re",
    "$uv_size_re|default":[ 2000, 2000 ],
    "disable_anim_fast_forward": true,
    "anims": [
      "@hud.anim_dead_alpha_in"
    ],
    "bindings": [
      {
        "binding_name": "#hud_title_text_string"
      },
      {
        "binding_type": "view",
        "source_property_name": "(#hud_title_text_string = '2')",
        "target_property_name": "#visible"
      }
    ]
  },
  
  "dead_aseprite_animation": {
    "anim_type": "aseprite_flip_book",
    "initial_uv": [ 0, 0 ]
  },

  "dead_flipbook_animation" : {
    "anim_type": "flip_book",
    "frame_count": 80,
    "frame_step": 128,
    "duration": 4,
    "fps": 20,
    "reversible": false,
    "easing": "linear",
    "resettable": false,
    "destroy_at_end": "2_animation",
	  "initial_uv": [ 0, 0 ]
  },

  "anim_dead_alpha_in": {
    "anim_type": "alpha",
    "easing": "linear",
    "duration": 1,
    "from": 0,
    "to": 1,
    "next": "@hud.anim_dead_wait"
  },
  
  "anim_dead_wait": {
    "anim_type": "wait",
    "duration": 2.8,
    "next": "@hud.anim_dead_alpha_out"
  },
  
  "anim_dead_alpha_out": {
    "anim_type": "alpha",
    "easing": "linear",
    "destroy_at_end": "2_animation",
    "duration": 0.1,
    "from": 1,
    "to": 0
  },

  "2_animation_factory": {
    "type": "panel",
    "factory": {
      "name": "hud_title_text_factory",
      "control_ids": {
        "hud_title_text": "2_animation@hud.2_animation"
      }
    }
  },
   
     // ---------------------------------------------------------------------------
// 3
//---------------------------------------------------------------------------
    "3_animation": {
    "type": "image",
    "force_texture_reload": true,
    "layer": 31,
    "offset": [ 0, -19 ],
    "texture": "$sprite",
    "$sprite|default": "textures/ui/3/3",
    "anchor_from": "center",
    "anchor_to": "center",
    "size": "$re_size",
    "$re_size|default": [ "80%", "80%" ],
    "alpha": 6,
    "uv": "@hud.dead_aseprite_animation",
    "uv_size":"$uv_size_re",
    "$uv_size_re|default":[ 2000, 2000 ],
    "disable_anim_fast_forward": true,
    "anims": [
      "@hud.anim_dead_alpha_in"
    ],
    "bindings": [
      {
        "binding_name": "#hud_title_text_string"
      },
      {
        "binding_type": "view",
        "source_property_name": "(#hud_title_text_string = '3')",
        "target_property_name": "#visible"
      }
    ]
  },
  
  "dead_aseprite_animation": {
    "anim_type": "aseprite_flip_book",
    "initial_uv": [ 0, 0 ]
  },

  "dead_flipbook_animation" : {
    "anim_type": "flip_book",
    "frame_count": 80,
    "frame_step": 128,
    "duration": 4,
    "fps": 20,
    "reversible": false,
    "easing": "linear",
    "resettable": false,
    "destroy_at_end": "3_animation",
	  "initial_uv": [ 0, 0 ]
  },

  "anim_dead_alpha_in": {
    "anim_type": "alpha",
    "easing": "linear",
    "duration": 1,
    "from": 0,
    "to": 1,
    "next": "@hud.anim_dead_wait"
  },
  
  "anim_dead_wait": {
    "anim_type": "wait",
    "duration": 2.8,
    "next": "@hud.anim_dead_alpha_out"
  },
  
  "anim_dead_alpha_out": {
    "anim_type": "alpha",
    "easing": "linear",
    "destroy_at_end": "3_animation",
    "duration": 0.1,
    "from": 1,
    "to": 0
  },

  "3_animation_factory": {
    "type": "panel",
    "factory": {
      "name": "hud_title_text_factory",
      "control_ids": {
        "hud_title_text": "3_animation@hud.3_animation"
      }
    }
  }, 
     
     // ---------------------------------------------------------------------------
// 4
//---------------------------------------------------------------------------
    "4_animation": {
    "type": "image",
    "force_texture_reload": true,
    "layer": 31,
    "offset": [ 0, -19 ],
    "texture": "$sprite",
    "$sprite|default": "textures/ui/4/4",
    "anchor_from": "center",
    "anchor_to": "center",
    "size": "$re_size",
    "$re_size|default": [ "80%", "80%" ],
    "alpha": 6,
    "uv": "@hud.dead_aseprite_animation",
    "uv_size":"$uv_size_re",
    "$uv_size_re|default":[ 2000, 2000 ],
    "disable_anim_fast_forward": true,
    "anims": [
      "@hud.anim_dead_alpha_in"
    ],
    "bindings": [
      {
        "binding_name": "#hud_title_text_string"
      },
      {
        "binding_type": "view",
        "source_property_name": "(#hud_title_text_string = '4')",
        "target_property_name": "#visible"
      }
    ]
  },
  
  "dead_aseprite_animation": {
    "anim_type": "aseprite_flip_book",
    "initial_uv": [ 0, 0 ]
  },

  "dead_flipbook_animation" : {
    "anim_type": "flip_book",
    "frame_count": 80,
    "frame_step": 128,
    "duration": 4,
    "fps": 20,
    "reversible": false,
    "easing": "linear",
    "resettable": false,
    "destroy_at_end": "4_animation",
	  "initial_uv": [ 0, 0 ]
  },

  "anim_dead_alpha_in": {
    "anim_type": "alpha",
    "easing": "linear",
    "duration": 1,
    "from": 0,
    "to": 1,
    "next": "@hud.anim_dead_wait"
  },
  
  "anim_dead_wait": {
    "anim_type": "wait",
    "duration": 2.8,
    "next": "@hud.anim_dead_alpha_out"
  },
  
  "anim_dead_alpha_out": {
    "anim_type": "alpha",
    "easing": "linear",
    "destroy_at_end": "4_animation",
    "duration": 0.1,
    "from": 1,
    "to": 0
  },

  "4_animation_factory": {
    "type": "panel",
    "factory": {
      "name": "hud_title_text_factory",
      "control_ids": {
        "hud_title_text": "4_animation@hud.4_animation"
      }
    }
  },
   
     // ---------------------------------------------------------------------------
// muerte
//---------------------------------------------------------------------------
    "muerte_animation": {
    "type": "image",
    "force_texture_reload": true,
    "layer": 31,
    "offset": [ 0, -19 ],
    "texture": "$sprite",
    "$sprite|default": "textures/ui/muerte",
    "anchor_from": "center",
    "anchor_to": "center",
    "size": "$re_size",
    "$re_size|default": [ "80%", "80%" ],
    "alpha": 6,
    "uv": "@hud.dead_aseprite_animation",
    "uv_size":"$uv_size_re",
    "$uv_size_re|default":[ 2000, 2000 ],
    "disable_anim_fast_forward": true,
    "anims": [
      "@hud.anim_dead_alpha_in"
    ],
    "bindings": [
      {
        "binding_name": "#hud_title_text_string"
      },
      {
        "binding_type": "view",
        "source_property_name": "(#hud_title_text_string = 'muerte')",
        "target_property_name": "#visible"
      }
    ]
  },
  
  "dead_aseprite_animation": {
    "anim_type": "aseprite_flip_book",
    "initial_uv": [ 0, 0 ]
  },

  "dead_flipbook_animation" : {
    "anim_type": "flip_book",
    "frame_count": 80,
    "frame_step": 128,
    "duration": 4,
    "fps": 20,
    "reversible": false,
    "easing": "linear",
    "resettable": false,
    "destroy_at_end": "muerte_animation",
	  "initial_uv": [ 0, 0 ]
  },

  "anim_dead_alpha_in": {
    "anim_type": "alpha",
    "easing": "linear",
    "duration": 1,
    "from": 0,
    "to": 1,
    "next": "@hud.anim_dead_wait"
  },
  
  "anim_dead_wait": {
    "anim_type": "wait",
    "duration": 2.8,
    "next": "@hud.anim_dead_alpha_out"
  },
  
  "anim_dead_alpha_out": {
    "anim_type": "alpha",
    "easing": "linear",
    "destroy_at_end": "muerte_animation",
    "duration": 0.1,
    "from": 1,
    "to": 0
  },

  "muerte_animation_factory": {
    "type": "panel",
    "factory": {
      "name": "hud_title_text_factory",
      "control_ids": {
        "hud_title_text": "muerte_animation@hud.muerte_animation"
      }
    }
  },
     
     // ---------------------------------------------------------------------------
// death
//---------------------------------------------------------------------------
  "death_animation": {
    "type": "image",
    "force_texture_reload": true,
    "layer": 31,
    "offset": [ 0, -19 ],
    "texture": "$sprite",
    "$sprite|default": "textures/ui/death",
    "anchor_from": "center",
    "anchor_to": "center",
    "size": "$re_size",
    "$re_size|default": [ "100%", "100%" ],
    "alpha": 6,
    "uv": "@hud.dead_aseprite_animation",
    "uv_size":"$uv_size_re",
    "$uv_size_re|default":[ 2000, 2000 ],
    "disable_anim_fast_forward": true,
    "anims": [
      "@hud.anim_dead_alpha_in"
    ],
    "bindings": [
      {
        "binding_name": "#hud_title_text_string"
      },
      {
        "binding_type": "view",
        "source_property_name": "(#hud_title_text_string = 'death')",
        "target_property_name": "#visible"
      }
    ]
  },
  
  "dead_aseprite_animation": {
    "anim_type": "aseprite_flip_book",
    "initial_uv": [ 0, 0 ]
  },

  "dead_flipbook_animation" : {
    "anim_type": "flip_book",
    "frame_count": 80,
    "frame_step": 128,
    "duration": 120,
    "fps": 20,
    "reversible": false,
    "easing": "linear",
    "resettable": false,
    "destroy_at_end": "death_animation",
	  "initial_uv": [ 0, 0 ]
  },

  "anim_dead_alpha_in": {
    "anim_type": "alpha",
    "easing": "linear",
    "duration": 1,
    "from": 0,
    "to": 1,
    "next": "@hud.anim_dead_wait"
  },
  
  "anim_dead_wait": {
    "anim_type": "wait",
    "duration": 2.8,
    "next": "@hud.anim_dead_alpha_out"
  },
  
  "anim_dead_alpha_out": {
    "anim_type": "alpha",
    "easing": "linear",
    "destroy_at_end": "death_animation",
    "duration": 0.1,
    "from": 1,
    "to": 0
  },

  "death_animation_factory": {
    "type": "panel",
    "factory": {
      "name": "hud_title_text_factory",
      "control_ids": {
        "hud_title_text": "death_animation@hud.death_animation"
      }
    }
  },
   
     // ---------------------------------------------------------------------------
// logi
//---------------------------------------------------------------------------
    "logo_animation": {
    "type": "image",
    "force_texture_reload": true,
    "layer": 31,
    "offset": [ 0, -19 ],
    "texture": "$sprite",
    "$sprite|default": "textures/ui/logo",
    "anchor_from": "center",
    "anchor_to": "center",
    "size": "$re_size",
    "$re_size|default": [ "80%", "80%" ],
    "alpha": 6,
    "uv": "@hud.dead_aseprite_animation",
    "uv_size":"$uv_size_re",
    "$uv_size_re|default":[ 2000, 2000 ],
    "disable_anim_fast_forward": true,
    "anims": [
      "@hud.anim_dead_alpha_in"
    ],
    "bindings": [
      {
        "binding_name": "#hud_title_text_string"
      },
      {
        "binding_type": "view",
        "source_property_name": "(#hud_title_text_string = 'logo')",
        "target_property_name": "#visible"
      }
    ]
  },
  
  "dead_aseprite_animation": {
    "anim_type": "aseprite_flip_book",
    "initial_uv": [ 0, 0 ]
  },

  "dead_flipbook_animation" : {
    "anim_type": "flip_book",
    "frame_count": 80,
    "frame_step": 128,
    "duration": 4,
    "fps": 20,
    "reversible": false,
    "easing": "linear",
    "resettable": false,
    "destroy_at_end": "logo_animation",
	  "initial_uv": [ 0, 0 ]
  },

  "anim_dead_alpha_in": {
    "anim_type": "alpha",
    "easing": "linear",
    "duration": 1,
    "from": 0,
    "to": 1,
    "next": "@hud.anim_dead_wait"
  },
  
  "anim_dead_wait": {
    "anim_type": "wait",
    "duration": 2.8,
    "next": "@hud.anim_dead_alpha_out"
  },
  
  "anim_dead_alpha_out": {
    "anim_type": "alpha",
    "easing": "linear",
    "destroy_at_end": "logo_animation",
    "duration": 0.1,
    "from": 1,
    "to": 0
  },

  "logo_animation_factory": {
    "type": "panel",
    "factory": {
      "name": "hud_title_text_factory",
      "control_ids": {
        "hud_title_text": "logo_animation@hud.logo_animation"
      }
    }
  },
   

//---------------------------------------------------------------------------
//root
//---------------------------------------------------------------------------
  "root_panel": {
    "modifications": [
      {
        "array_name": "controls",
        "operation": "insert_front",
        "value": [
        {
          "1_animation_factory@hud.1_animation_factory": {}
        },
          {
         "2_animation_factory@hud.2_animation_factory": {}
          },
             {
         "3_animation_factory@hud.3_animation_factory": {}
             },
         {
          "4_animation_factory@hud.4_animation_factory": {}
        },
          {
         "muerte_animation_factory@hud.muerte_animation_factory": {}
          },
             {
         "death_animation_factory@hud.death_animation_factory": {}
             },
          {
         "logo_animation_factory@hud.logo_animation_factory": {}
          }
        ]
      }
    ]
  }
}
